{
  "LogisticRegression": {
    "accuracy": 0.8038379530916845,
    "precision": 0.6484848484848484,
    "recall": 0.5721925133689839,
    "f1": 0.6079545454545454,
    "roc_auc": 0.8359290473207676
  },
  "RandomForestClassifier": {
    "accuracy": 0.7903340440653873,
    "precision": 0.6357388316151202,
    "recall": 0.4946524064171123,
    "f1": 0.556390977443609,
    "roc_auc": 0.8127941047051577
  },
  "GradientBoostingClassifier": {
    "accuracy": 0.7960199004975125,
    "precision": 0.6407766990291263,
    "recall": 0.5294117647058824,
    "f1": 0.5797950219619327,
    "roc_auc": 0.8385238985147876
  }
}